Keyword,Source,Language,Intent,Product Category,City/State
"rotavator price in Raipur","Google Autocomplete","English","Transactional","Rotavator","Raipur"
"buy rotavator in Raipur","Google Autocomplete","English","Transactional","Rotavator","Raipur"
"rotavator second hand in Raipur","Google Autocomplete","English","Commercial","Rotavator","Raipur"
"rotavator price in Bilaspur","Google Autocomplete","English","Transactional","Rotavator","Bilaspur"
"buy rotavator in Bilaspur","Google Autocomplete","English","Transactional","Rotavator","Bilaspur"
"rotavator second hand in Bilaspur","Google Autocomplete","English","Commercial","Rotavator","Bilaspur"
"rotavator price in Durg","Google Autocomplete","English","Transactional","Rotavator","Durg"
"buy rotavator in Durg","Google Autocomplete","English","Transactional","Rotavator","Durg"
"rotavator second hand in Durg","Google Autocomplete","English","Commercial","Rotavator","Durg"
"rotavator price in Rajnandgaon","Google Autocomplete","English","Transactional","Rotavator","Rajnandgaon"